project_name,input_type,category,status,passed_filter,control_aligned,control_requires_iteration,n_control_findings,n_filter_issues,overall_gini,t0_gini,gini_12m,gini_24m,gini_full,insider_share_t0,t0_distributed_share,fairness_drift,stress_pass_rate,stress_passed,year1_inflation_proxy,n_allocations,insider_pct,distributed_pct,team_pct,investor_pct
FluidLend Protocol,structured,DeFi,Success,True,True,False,0,0,0.40000000000000013,0.8,0.6368715083798886,0.5168316831683173,0.4037854889589907,0.0,1.0,0.19242902208201892,0.8,True,49.16666666666666,5,20.0,80.0,15.0,5.0
SynthSwap DEX,structured,DeFi,Success,True,True,False,0,0,0.2749999999999999,0.0,0.446969696969697,0.31677265500794904,0.27513089005235614,0.0,0.0,0.34659685863874345,1.0,True,16.5,4,35.0,65.0,25.0,0
YieldFarm Collective,structured,DeFi,Success,True,True,False,0,0,0.17500000000000004,0.5192307692307692,0.4772727272727273,0.312814070351759,0.17737430167597767,0.0,1.0,0.34636871508379885,0.8,True,5.769230769230769,4,35.0,65.0,20.0,15.0
StableAsset USD,structured,DeFi,Success,True,True,False,0,0,0.22399999999999998,0.0,0.5195876288659795,0.28349514563106815,0.22399999999999998,0.0,0.0,0.32,0.0,False,48.5,5,32.0,68.0,20.0,12.0
InsureChain Protocol,structured,DeFi,Success,True,True,False,0,0,0.256,0.8,0.6173913043478261,0.39402985074626873,0.256,0.0,1.0,0.27,1.0,True,39.39393939393939,5,27.0,73.0,15.0,12.0
CurveRoute Exchange,structured,DeFi,Success,True,True,False,0,0,0.31666666666666665,0.6190476190476191,0.5511111111111111,0.40476190476190466,0.3218487394957985,0.0,1.0,0.29411764705882354,1.0,True,7.142857142857142,6,30.0,70.0,15.0,15.0
PlayAxis Gaming,structured,Gaming and Metaverse,Success,True,True,False,0,0,0.19999999999999996,0.5833333333333333,0.5343137254901962,0.3259162303664922,0.19965034965034945,0.0,1.0,0.39580419580419585,0.8,True,6.25,4,40.0,60.0,25.0,15.0
MetaEstate Virtual Realty,structured,Gaming and Metaverse,Success,True,False,False,1,0,0.125,0.5681818181818181,0.5681818181818181,0.3068181818181819,0.12412587412587395,0.0,1.0,0.4461538461538462,0.8,True,0.0,4,45.0,55.0,25.0,20.0
NFTBattle Arena,structured,Gaming and Metaverse,Success,True,True,False,0,0,0.21599999999999997,0.0,0.5743243243243243,0.3593556381660472,,0.0,0.0,0.37794299876084264,0.8,True,14.799999999999999,5,27.0,73.0,12.0,15.0
EsportsLeague Token,structured,Gaming and Metaverse,Success,True,False,False,1,0,0.34285714285714297,0.8571428571428572,0.6136820925553321,0.4224196855775806,0.3481392557022811,0.0,1.0,0.5966386554621849,0.4,False,97.22222222222221,7,60.0,40.0,35.0,20.0
Layer2Surge Scaling,structured,Infrastructure,Success,True,True,False,0,0,0.25,0.0,0.5833333333333333,0.28846153846153855,0.25,0.0,0.0,0.3,1.0,True,15.0,4,30.0,70.0,30.0,0
OracleSync Network,structured,Infrastructure,Success,True,True,False,0,0,0.2749999999999999,0.0,0.5436507936507937,0.3326771653543308,,0.0,0.0,0.1968503937007874,0.8,True,15.75,4,25.0,75.0,25.0,0
StorageCloud Protocol,structured,Infrastructure,Success,True,True,False,0,0,0.236,0.5352941176470589,0.49577464788732395,0.35121951219512204,0.23798319327731088,0.0,1.0,0.3142857142857143,1.0,True,4.411764705882353,5,32.0,68.0,20.0,12.0
ComputeChain Grid,structured,Infrastructure,Success,True,True,False,0,0,0.3500000000000001,0.0,0.7008196721311475,0.4686234817813766,,0.0,0.0,0.2226720647773279,0.8,True,15.25,4,30.0,70.0,20.0,10.0
InterChain Bridge,structured,Infrastructure,Success,True,True,False,0,0,0.25,0.0,0.0,0.2272727272727273,,0.0,0.0,0.45454545454545453,0.8,True,,4,40.0,60.0,30.0,0
IdentityChain Trust,structured,Social and Content,Success,True,False,False,1,0,0.17500000000000004,0.0,0.35317460317460325,0.07320441988950277,0.1716261525565801,0.0,0.0,0.4696132596685083,0.8,True,15.75,4,45.0,55.0,30.0,15.0
CreatorHub Platform,structured,Social and Content,Success,True,True,False,0,0,0.19999999999999996,0.0,0.6071428571428572,0.2157794676806084,0.20454545454545459,0.0,0.0,0.25252525252525254,0.8,True,14.000000000000002,4,25.0,75.0,25.0,0
SocialChain Network,structured,Social and Content,Success,True,True,False,0,0,0.272,0.0,0.4623376623376625,0.29726775956284146,0.2712849162011173,0.0,0.0,0.31620111731843575,0.6,False,25.666666666666664,5,32.0,68.0,20.0,12.0
MusicRights Token,structured,Gaming and Metaverse,Success,True,False,False,1,0,0.17500000000000004,0.0,0.6666666666666667,0.3488023952095809,0.1785714285714286,0.0,0.0,0.5042016806722689,0.8,True,18.0,4,50.0,50.0,35.0,15.0
StreamFlow Rewards,structured,Social and Content,Success,True,True,False,0,0,0.14000000000000012,0.0,0.3926605504587155,0.19522184300341294,0.1407821229050279,0.0,0.0,0.3463687150837989,0.6,False,22.708333333333332,5,35.0,65.0,20.0,15.0
NFTMarketX Exchange,structured,Marketplace,Success,True,True,False,0,0,0.25,0.0,0.5833333333333333,0.30952380952380953,0.25,0.0,0.0,0.4,0.8,True,20.0,4,40.0,60.0,30.0,0
DataMarket Exchange,structured,Marketplace,Success,True,True,False,0,0,0.244,0.0,0.5491525423728814,0.3544609198291029,,0.0,0.0,0.23624026137220408,0.6,False,26.55,5,32.0,68.0,20.0,12.0
FreelanceDAO Network,structured,Marketplace,Success,True,True,False,0,0,0.19999999999999996,0.0,0.6136363636363635,0.2152173913043478,0.19999999999999996,0.0,0.0,0.25,0.8,True,13.750000000000002,4,25.0,75.0,25.0,0
RealEstate Token,structured,Marketplace,Success,True,False,False,1,0,0.17500000000000004,0.0,0.4772727272727273,0.2857142857142858,0.17500000000000004,0.0,0.0,0.45,0.6,False,27.500000000000004,4,45.0,55.0,30.0,15.0
SupplyChain Verify,structured,Marketplace,Success,True,True,False,0,0,0.22999999999999998,0.0,0.19705882352941195,0.19705882352941173,0.22999999999999998,0.0,0.0,0.32941176470588235,0.8,True,14.166666666666666,4,28.0,72.0,28.0,0
IoTLink Protocol,structured,Infrastructure,Success,True,True,False,0,0,0.31000000000000005,0.6666666666666667,0.6027131782945736,0.42248908296943233,0.31249123299200465,0.0,1.0,0.21601907700939826,0.8,True,7.5,4,22.0,78.0,22.0,0
HealthChain Records,structured,Utility,Success,True,True,False,0,0,0.25,0.0,0.5376106194690264,0.2640845070422535,0.25,0.0,0.0,0.29292929292929293,0.8,True,18.833333333333332,4,30.0,70.0,30.0,0
LearnToken Education,structured,Utility,Success,True,True,False,0,0,0.2749999999999999,0.75,0.7033678756476685,0.5242155525238745,,0.0,1.0,0.1364256480218281,0.8,True,7.222222222222221,4,25.0,75.0,25.0,0
EnergySwap Grid,structured,Marketplace,Success,True,True,False,0,0,0.30000000000000004,0.75,0.6666666666666667,0.48795180722891573,0.3052884615384617,0.0,1.0,0.19230769230769232,0.8,True,20.0,4,20.0,80.0,20.0,0
CarbonOffset Credits,structured,Utility,Success,True,True,False,0,0,0.19999999999999996,0.0,0.4907407407407407,0.17465753424657526,0.1994949494949494,0.0,0.0,0.4109589041095891,0.8,True,18.0,4,40.0,60.0,30.0,10.0
GovStack Protocol,structured,Social and Content,Success,True,True,False,0,0,0.25,0.0,0.3916666666666666,0.2564102564102564,0.25,0.0,0.0,0.4,0.6,False,25.0,4,40.0,60.0,30.0,0
ArtPlatform Collective,structured,Gaming and Metaverse,Success,True,True,False,0,0,0.2749999999999999,0.0,0.55,0.2587719298245612,0.2749999999999999,0.0,0.0,0.25,0.8,True,18.75,4,25.0,75.0,25.0,0
MovieFinance Token,structured,Gaming and Metaverse,Success,True,True,False,0,0,0.19999999999999996,0.75,0.588235294117647,0.27727272727272734,0.19677284157585917,0.0,1.0,0.4023470243084661,0.8,True,36.0,4,40.0,60.0,30.0,10.0
PredictionMarket Hub,structured,Social and Content,Success,True,True,False,0,0,0.2749999999999999,0.0,0.34615384615384626,0.2616279069767442,0.2749999999999999,0.0,0.0,0.25,0.2,False,43.333333333333336,4,25.0,75.0,25.0,0
LiquidityPool Protocol,structured,DeFi,Success,True,True,False,0,0,0.20799999999999996,0.6918918918918919,0.4994818652849742,0.2714801444043322,0.20799999999999996,0.0,1.0,0.33,1.0,True,30.405405405405407,5,33.0,67.0,18.0,15.0
TokenBridge Enterprise,structured,Infrastructure,Success,True,True,False,0,0,0.25,0.0,0.3700000000000001,0.28083700440528614,0.25,0.0,0.0,0.2949640287769784,0.6,False,23.809523809523807,4,30.0,70.0,30.0,0
DeFiCompose Suite,structured,Utility,Success,True,True,False,0,0,0.2749999999999999,0.0,0.685483870967742,0.4318181818181819,0.27517482517482517,0.0,0.0,0.34545454545454546,0.2,False,38.75,4,35.0,65.0,25.0,10.0
RiskPool Insurance,structured,Utility,Success,True,True,False,0,0,0.18399999999999994,0.0,0.5365853658536586,0.237714285714286,0.18399999999999994,0.0,0.0,0.3,0.8,True,20.5,5,30.0,70.0,18.0,12.0
SwapRouter Advanced,structured,Marketplace,Success,True,True,False,0,0,0.25,0.0,0.4558823529411764,0.3117977528089888,0.2500000000000002,0.0,0.0,0.2949640287769784,0.4,False,28.333333333333332,4,30.0,70.0,30.0,0
StakingDerive Finance,structured,DeFi,LLM_Failed,,,,,,,,,,,,,,,,,,,,,
YieldPerp Futures,structured,DeFi,Success,True,True,False,0,0,0.3600000000000001,0.0,0.6151724137931034,0.40740740740740744,0.36302521008403366,0.0,0.0,0.2823529411764706,0.8,True,24.166666666666668,5,28.0,72.0,24.0,0
VoteDAO Governance,structured,Social and Content,Success,True,True,False,0,0,0.21999999999999997,0.7,0.49302325581395356,0.3147540983606558,0.22521008403361353,0.0,1.0,0.2941176470588235,0.8,True,34.375,5,30.0,70.0,15.0,15.0
AgriChain Supply,structured,Marketplace,Success,True,True,False,0,0,0.22799999999999998,0.0,0.49836065573770494,0.35395683453237425,0.22835506941522943,0.0,0.0,0.27766091712242325,0.2,False,30.5,5,28.0,72.0,18.0,10.0
PrivacyVault Network,structured,Social and Content,Success,True,True,False,0,0,0.23199999999999998,0.0,0.5555555555555556,0.23238095238095235,0.23094339622641513,0.0,0.0,0.3018867924528302,0.8,True,18.0,5,30.0,70.0,18.0,12.0
TutorChain Education,structured,Utility,Success,True,True,False,0,0,0.16000000000000014,0.0,0.5157894736842106,0.2148760330578512,0.16000000000000014,0.0,0.0,0.3223140495867769,0.8,True,15.833333333333332,5,30.0,70.0,15.0,15.0
SolarGrid Energy,structured,Utility,Success,True,True,False,0,0,0.18399999999999994,0.0,0.5306122448979596,0.21258741258741276,,0.0,0.0,0.3146853146853147,0.8,True,16.33333333333333,5,30.0,70.0,18.0,12.0
MedVault Health,structured,Utility,Success,True,True,False,0,0,0.19999999999999996,0.6857142857142857,0.4615384615384617,0.2560000000000002,0.2011173184357542,0.0,1.0,0.3463687150837989,0.8,True,39.285714285714285,5,35.0,65.0,20.0,15.0
FanToken Sports,structured,Gaming and Metaverse,Success,True,True,False,0,0,0.17200000000000015,0.0,0.42068965517241375,0.18253968253968256,0.17200000000000015,0.0,0.0,0.33,0.2,False,28.999999999999996,5,33.0,67.0,18.0,15.0
DerivaPro Finance,structured,Utility,Success,True,True,False,0,0,0.17999999999999994,0.0,0.38805970149253755,0.2580645161290325,0.18319327731092416,0.0,0.0,0.29831932773109243,0.6,False,27.91666666666666,5,30.0,70.0,15.0,15.0
MeshNet Wireless,structured,Infrastructure,Success,True,True,False,0,0,0.22399999999999998,0.5176470588235293,0.47887323943661975,0.3365853658536586,0.22588235294117642,0.0,1.0,0.3142857142857143,1.0,True,4.411764705882353,5,32.0,68.0,20.0,12.0
LendMate Protocol,structured,DeFi,Success,True,True,False,0,0,0.17999999999999994,0.8,0.3866666666666667,0.21090909090909093,0.17999999999999994,0.0,1.0,0.3,0.2,False,150.0,5,30.0,70.0,15.0,15.0
SwapFlow DEX,structured,DeFi,Success,True,True,False,0,0,0.14000000000000012,0.8,0.48275862068965525,0.22857142857142865,0.14000000000000012,0.0,1.0,0.3,0.6,False,81.25,5,30.0,70.0,15.0,15.0
Vault AI Finance,structured,DeFi,Success,True,True,False,0,0,0.24,0.6500000000000001,0.4878048780487805,0.2857142857142858,0.24,0.0,1.0,0.25,1.0,True,28.125,5,25.0,75.0,15.0,10.0
CryptoCredit Hub,structured,DeFi,Success,True,True,False,0,0,0.20399999999999996,0.0,0.46753246753246747,0.205243445692884,0.20399999999999996,0.0,0.0,0.33,0.2,False,38.5,5,33.0,67.0,18.0,15.0
FlashSwap Exchange,structured,DeFi,Success,True,True,False,0,0,0.17599999999999993,0.4555555555555555,0.4268456375838927,0.29239766081871355,0.18181818181818188,0.0,1.0,0.2727272727272727,1.0,True,3.4722222222222223,5,28.0,72.0,18.0,10.0
StakingMax Protocol,structured,DeFi,Success,True,True,False,0,0,0.16000000000000014,0.0,0.47804878048780486,0.2456140350877194,0.16000000000000014,0.0,0.0,0.3,0.0,False,51.24999999999999,5,30.0,70.0,15.0,15.0
BridgeChain Tech,structured,DeFi,Success,True,True,False,0,0,0.23199999999999998,0.0,0.5538461538461539,0.21333333333333337,0.23199999999999998,0.0,0.0,0.3333333333333333,1.0,True,13.0,5,30.0,70.0,18.0,12.0
RiskShield Insurance,structured,DeFi,Success,True,True,False,0,0,0.20399999999999996,0.0,0.4327044025157234,0.22446043165467633,0.20399999999999996,0.0,0.0,0.27,0.2,False,39.75,5,27.0,73.0,15.0,12.0
TradingLeverage Pro,structured,DeFi,Success,True,True,False,0,0,0.17599999999999993,0.613953488372093,0.47102803738317767,0.26111111111111107,0.17599999999999993,0.0,1.0,0.27,1.0,True,24.418604651162788,5,27.0,73.0,15.0,12.0
CryptoQuest Adventure,structured,Gaming and Metaverse,Success,True,True,False,0,0,0.272,0.0,0.3272727272727274,0.24,0.272,0.0,0.0,0.3,0.2,False,33.0,5,30.0,70.0,18.0,12.0
MetaVerse City,structured,Gaming and Metaverse,Success,True,True,False,0,0,0.252,0.0,0.5567010309278351,0.3296000000000001,0.252,0.0,0.0,0.3,0.6,False,24.25,5,30.0,70.0,18.0,12.0
SoulBound Battles,structured,Gaming and Metaverse,Success,True,True,False,0,0,0.30400000000000005,0.0,0.6089552238805971,0.378021978021978,,0.0,0.0,0.32967032967032966,0.8,True,16.75,5,30.0,70.0,18.0,12.0
VRChat Token Platform,structured,Gaming and Metaverse,Success,True,True,False,0,0,0.272,0.8,0.5467889908256882,0.28421052631578947,0.272,0.0,1.0,0.27,0.6,False,109.61538461538463,5,27.0,73.0,15.0,12.0
ChampionArena League,structured,Gaming and Metaverse,Success,True,True,False,0,0,0.17200000000000015,0.0,0.6799999999999999,0.24139130434782619,0.17200000000000015,0.0,0.0,0.36,0.8,True,12.5,5,33.0,67.0,18.0,15.0
HybridWorld Metaverse,structured,Gaming and Metaverse,Success,True,True,False,0,0,0.28,0.0,0.4264900662251656,0.2646616541353384,0.28,0.0,0.0,0.24,0.2,False,37.75,5,24.0,76.0,12.0,12.0
PixelCraft Studios,structured,Gaming and Metaverse,Success,True,True,False,0,0,0.30400000000000005,0.8,0.4881889763779528,0.27,0.30400000000000005,0.0,1.0,0.3,0.2,False,111.66666666666667,5,30.0,70.0,18.0,12.0
PvP Tournament System,structured,Gaming and Metaverse,Success,True,True,False,0,0,0.30400000000000005,0.0,0.6000000000000001,0.3297560975609757,0.30400000000000005,0.0,0.0,0.22439024390243903,0.8,True,17.5,5,22.0,78.0,12.0,10.0
DualChain Interop,structured,Infrastructure,Success,True,True,False,0,0,0.264,0.6947368421052635,0.5250000000000004,0.3305019305019308,0.2616775278536896,0.0,1.0,0.2692873659869666,1.0,True,26.31578947368421,5,27.0,73.0,15.0,12.0
DataRegistry Protocol,structured,Infrastructure,Success,True,True,False,0,0,0.14000000000000012,0.8,0.45810055865921795,0.2134387351778657,0.13725820016820878,0.0,1.0,0.3490328006728343,0.2,False,123.75,5,35.0,65.0,20.0,15.0
ValidatorCloud Compute,structured,Infrastructure,Success,True,True,False,0,0,0.276,0.0,0.4677966101694915,0.2624829467939973,,0.0,0.0,0.3478854024556617,1.0,True,11.799999999999999,5,27.0,73.0,15.0,12.0
RollupSync Scale,structured,Infrastructure,Success,True,True,False,0,0,0.20799999999999996,0.8,0.6926829268292682,0.4181069958847736,0.2091080797481637,0.0,1.0,0.26883525708289613,1.0,True,24.242424242424242,5,27.0,73.0,15.0,12.0
OracleVault Network,structured,Infrastructure,Success,True,True,False,0,0,0.17200000000000015,0.0,0.4233918128654972,0.18623481781376516,0.16743794699200665,0.0,0.0,0.3294068153134203,0.2,False,42.75,5,33.0,67.0,18.0,15.0
VerifyChain Proofs,structured,Infrastructure,Success,True,True,False,0,0,0.18399999999999994,0.0,0.3317073170731708,0.1814432989690722,0.18378832423351565,0.0,0.0,0.2986140277194457,1.0,True,20.5,5,30.0,70.0,18.0,12.0
SovereignNode Mesh,structured,Infrastructure,Success,True,True,False,0,0,0.18399999999999994,0.0,0.3317073170731708,0.26428571428571423,0.18378832423351543,0.0,0.0,0.2986140277194456,1.0,True,20.5,5,30.0,70.0,18.0,12.0
DeFiShield Analytics,structured,Infrastructure,Success,True,True,False,0,0,0.24,0.6799999999999999,0.5739130434782609,0.392982456140351,0.2413431269674713,0.0,1.0,0.24868835257082897,1.0,True,15.0,5,25.0,75.0,15.0,10.0
StoryChain Creator,structured,Social and Content,Success,True,True,False,0,0,0.21599999999999997,0.6421052631578947,0.4405063291139244,0.2690265486725665,0.2211764705882353,0.0,1.0,0.2638655462184874,0.8,True,38.59649122807017,5,27.0,73.0,15.0,12.0
MusicDAO Collective,structured,Social and Content,Success,True,True,False,0,0,0.272,0.0,0.43544303797468364,0.2745945945945947,0.27283431455004226,0.0,0.0,0.2977291841883936,0.6,False,26.333333333333332,5,30.0,70.0,18.0,12.0
PodcastShare Network,structured,Social and Content,Success,True,True,False,0,0,0.252,0.8,0.5253731343283583,0.2854545454545456,0.25454545454545463,0.0,1.0,0.29292929292929293,0.6,False,78.66666666666666,5,30.0,70.0,18.0,12.0
PhotographyRights Token,structured,Social and Content,Success,True,True,False,0,0,0.21599999999999997,0.0,0.3754189944134081,0.2541871921182268,0.2211764705882353,0.0,0.0,0.2638655462184874,0.2,False,29.833333333333336,5,27.0,73.0,15.0,12.0
ResearchFund DAO,structured,Social and Content,Success,True,True,False,0,0,0.252,0.6518518518518519,0.39546313799621946,0.27262044653349027,0.25050505050505056,0.0,1.0,0.32323232323232326,0.6,False,63.27160493827159,5,33.0,67.0,18.0,15.0
CommentaryDAO Consensus,structured,Social and Content,Success,True,True,False,0,0,0.24,0.8,0.4615384615384617,0.29450549450549457,0.24537815126050422,0.0,1.0,0.24369747899159663,0.2,False,116.66666666666666,5,25.0,75.0,15.0,10.0
InfluenceShare Platform,structured,Social and Content,Success,True,True,False,0,0,0.20399999999999996,0.0,0.38612716763005794,0.244,0.20606060606060606,0.0,0.0,0.29292929292929293,0.2,False,28.833333333333332,5,30.0,70.0,18.0,12.0
CommunityVote Protocol,structured,Social and Content,Success,True,True,False,0,0,0.28800000000000003,0.8,0.5120622568093387,0.309468822170901,0.290909090909091,0.0,1.0,0.2727272727272727,0.2,False,94.69696969696967,5,28.0,72.0,18.0,10.0
ArtSale Marketplace,structured,Marketplace,Success,True,True,False,0,0,0.24,0.0,0.37593984962406024,0.26973180076628367,0.23671416596814776,0.0,0.0,0.30176026823134955,0.2,False,33.25,5,30.0,70.0,15.0,15.0
PhysicalGoods Exchange,structured,Marketplace,Success,True,True,False,0,0,0.14800000000000013,0.0,0.39641255605381165,0.27893175074183985,0.14949494949494957,0.0,0.0,0.32323232323232326,0.0,False,55.75,5,33.0,67.0,18.0,15.0
ComputeGig Exchange,structured,Marketplace,Success,True,True,False,0,0,0.276,0.8,0.5385826771653544,0.3770114942528735,0.2783193277310927,0.0,1.0,0.2638655462184874,0.6,False,67.10526315789474,5,27.0,73.0,15.0,12.0
LandTitle Registry,structured,Marketplace,Success,True,True,False,0,0,0.24,0.0,0.6526315789473685,0.38012422360248466,0.24,0.0,0.0,0.3,0.6,False,23.75,5,30.0,70.0,15.0,15.0
WholesaleHub B2B,structured,Marketplace,Success,True,True,False,0,0,0.19999999999999996,0.8,0.5263157894736843,0.3242105263157897,0.2011173184357542,0.0,1.0,0.2960893854748603,0.6,False,90.0,5,30.0,70.0,20.0,10.0
SkillBarter Exchange,structured,Marketplace,Success,True,True,False,0,0,0.256,0.0,0.4540540540540541,0.3226190476190476,0.252991452991453,0.0,0.0,0.27149321266968324,0.2,False,29.599999999999998,5,27.0,73.0,15.0,12.0
EventTicket DAO,structured,Marketplace,Success,True,True,False,0,0,0.22799999999999998,0.8,0.4140350877192982,0.3391812865497077,0.23030303030303045,0.0,1.0,0.2727272727272727,0.2,False,159.0909090909091,5,28.0,72.0,18.0,10.0
EnergyTrading P2P,structured,Marketplace,Success,True,True,False,0,0,0.21599999999999997,0.672340425531915,0.4935483870967743,0.3251461988304094,0.21818181818181825,0.0,1.0,0.2727272727272727,0.8,True,31.914893617021278,5,28.0,72.0,18.0,10.0
MedicalData Exchange,structured,Utility,Success,True,True,False,0,0,0.20799999999999996,0.0,0.55,0.24695652173913052,0.20799999999999996,0.0,0.0,0.28,0.8,True,20.0,5,28.0,72.0,18.0,10.0
IdentityVerify Network,structured,Utility,Success,True,True,False,0,0,0.20399999999999996,0.8,0.49075630252100866,0.26731707317073194,0.20606060606060606,0.0,1.0,0.29292929292929293,0.2,False,98.33333333333331,5,30.0,70.0,18.0,12.0
EmissionTracker Protocol,structured,Utility,Success,True,True,False,0,0,0.16000000000000014,0.0,0.4627450980392158,0.23505154639175263,0.15874345549738234,0.0,0.0,0.3015706806282723,0.2,False,31.874999999999996,5,30.0,70.0,15.0,15.0
VotingChain Governance,structured,Utility,Success,True,True,False,0,0,0.21599999999999997,0.0,0.5549668874172184,0.31706263498920095,0.21818181818181825,0.0,0.0,0.2727272727272727,0.0,False,50.33333333333333,5,28.0,72.0,18.0,10.0
QualityAssurance Token,structured,Utility,Success,True,True,False,0,0,0.14000000000000012,0.8,0.4484848484848485,0.19428571428571462,0.14078212290502812,0.0,1.0,0.34636871508379885,0.2,False,106.25,5,35.0,65.0,20.0,15.0
PropertyInsurance Crypto,structured,Utility,Success,True,True,False,0,0,0.14800000000000013,0.0,0.3616613418530352,0.2110363391655452,0.14949494949494957,0.0,0.0,0.32323232323232326,0.6,False,26.083333333333332,5,33.0,67.0,18.0,15.0
CustomerLoyalty Web3,structured,Utility,Success,True,True,False,0,0,0.268,0.0,0.45498281786941575,0.2912280701754384,0.268,0.0,0.0,0.28,0.6,False,24.25,5,28.0,72.0,18.0,10.0
WaterRights Trading,structured,Utility,Success,True,True,False,0,0,0.17999999999999994,0.0,0.42958199356913185,0.27630522088353415,0.18989898989899,0.0,0.0,0.35353535353535354,0.6,False,25.916666666666664,5,35.0,65.0,20.0,15.0
EducationCredit Token,structured,Utility,Success,True,True,False,0,0,0.276,0.0,0.370860927152318,0.21325966850828748,,0.0,0.0,0.29005524861878457,0.8,True,20.13333333333333,5,27.0,73.0,15.0,12.0
